sequence_id	chain_type	v_gene	d_gene	j_gene	region	aa_position	imgt_position	ref_aa	mut_aa	ref_codon	mut_codon	query_nt_pos	is_silent
ATGGGAGGTGCTTCTC-1_contig_2	VH	IGHV1-69*12	IGHD3-10*01	IGHJ4*02									
AAACGGGTCGTACGGC-1_contig_1	VH	IGHV1-69*12	IGHD5-5*01	IGHJ4*02	CDR1-IMGT	28	29	T	S	acc	agc	82	no
AAACGGGTCGTACGGC-1_contig_1	VH	IGHV1-69*12	IGHD5-5*01	IGHJ4*02	CDR1-IMGT	30	31	S	T	agc	acc	88	no
AAACGGGTCGTACGGC-1_contig_1	VH	IGHV1-69*12	IGHD5-5*01	IGHJ4*02	CDR1-IMGT	31	32	S	T	agc	acc	91	no
AAACGGGTCGTACGGC-1_contig_1	VH	IGHV1-69*12	IGHD5-5*01	IGHJ4*02	FR2-IMGT	37	42	V	L	gtg	ctg	109	no
AAACGGGTCGTACGGC-1_contig_1	VH	IGHV1-69*12	IGHD5-5*01	IGHJ4*02	CDR2-IMGT	56	61	G	T	ggt	act	166	no
AAACGGGTCGTACGGC-1_contig_1	VH	IGHV1-69*12	IGHD5-5*01	IGHJ4*02	FR3-IMGT	73	80	D	Y	gac	tac	217	no
AAACGGGTCGTACGGC-1_contig_1	VH	IGHV1-69*12	IGHD5-5*01	IGHJ4*02	FR3-IMGT	79	86	A	V	gcc	gtc	235	no
AAACGGGTCGTACGGC-1_contig_1	VH	IGHV1-69*12	IGHD5-5*01	IGHJ4*02	Unknown	98	99	R	K	aga	aaa	292	no
AGGCCGTAGCTAACAA-1_contig_2	VH	IGHV1-69*12	IGHD4-17*01	IGHJ4*02	FR1-IMGT	24	24	A	P	gct	cct	70	no
AGGCCGTAGCTAACAA-1_contig_2	VH	IGHV1-69*12	IGHD4-17*01	IGHJ4*02	CDR1-IMGT	28	29	T	F	acc	ttc	82	no
AGGCCGTAGCTAACAA-1_contig_2	VH	IGHV1-69*12	IGHD4-17*01	IGHJ4*02	CDR1-IMGT	30	31	S	T	agc	acc	88	no
AGGCCGTAGCTAACAA-1_contig_2	VH	IGHV1-69*12	IGHD4-17*01	IGHJ4*02	CDR1-IMGT	31	32	S	Y	agc	tac	91	no
AGGCCGTAGCTAACAA-1_contig_2	VH	IGHV1-69*12	IGHD4-17*01	IGHJ4*02	CDR1-IMGT	32	33	Y	S	tat	tct	94	no
AGGCCGTAGCTAACAA-1_contig_2	VH	IGHV1-69*12	IGHD4-17*01	IGHJ4*02	CDR2-IMGT	51	56	I	L	atc	ctc	151	no
AGGCCGTAGCTAACAA-1_contig_2	VH	IGHV1-69*12	IGHD4-17*01	IGHJ4*02	FR3-IMGT	59	66	N	T	aac	acc	175	no
AGGCCGTAGCTAACAA-1_contig_2	VH	IGHV1-69*12	IGHD4-17*01	IGHJ4*02	FR3-IMGT	61	68	A	S	gca	tca	181	no
AGGCCGTAGCTAACAA-1_contig_2	VH	IGHV1-69*12	IGHD4-17*01	IGHJ4*02	FR3-IMGT	70	77	I	V	att	gtt	208	no
AGGCCGTAGCTAACAA-1_contig_2	VH	IGHV1-69*12	IGHD4-17*01	IGHJ4*02	FR3-IMGT	77	84	S	T	agc	acc	229	no
AGGCCGTAGCTAACAA-1_contig_2	VH	IGHV1-69*12	IGHD4-17*01	IGHJ4*02	FR3-IMGT	79	86	A	V	gcc	gtc	235	no
AGGCCGTAGCTAACAA-1_contig_2	VH	IGHV1-69*12	IGHD4-17*01	IGHJ4*02	FR4-IMGT	9	126	L	P	ctg	ccg	343	no
AGGCCGTAGCTAACAA-1_contig_2	VH	IGHV1-69*12	IGHD4-17*01	IGHJ4*02	FR4-IMGT	13	130	S	P	tcc	ccc	355	no
AGGCCGTAGCTAACAA-1_contig_2	VH	IGHV1-69*12	IGHD4-17*01	IGHJ4*02	FR4-IMGT	14	131	S	P	tca	cca	358	no
TGTGGTAGTATCAGTC-1_contig_2	VH	IGHV1-69*12	IGHD5-5*01	IGHJ4*02	CDR1-IMGT	28	29	T	S	acc	agc	82	no
TGTGGTAGTATCAGTC-1_contig_2	VH	IGHV1-69*12	IGHD5-5*01	IGHJ4*02	FR2-IMGT	35	40	S	N	agc	aac	103	no
TGTGGTAGTATCAGTC-1_contig_2	VH	IGHV1-69*12	IGHD5-5*01	IGHJ4*02	CDR2-IMGT	54	59	I	T	atc	act	160	no
TGTGGTAGTATCAGTC-1_contig_2	VH	IGHV1-69*12	IGHD5-5*01	IGHJ4*02	CDR2-IMGT	56	61	G	T	ggt	act	166	no
TGTGGTAGTATCAGTC-1_contig_2	VH	IGHV1-69*12	IGHD5-5*01	IGHJ4*02	FR3-IMGT	73	80	D	Y	gac	tac	217	no
TGTGGTAGTATCAGTC-1_contig_2	VH	IGHV1-69*12	IGHD5-5*01	IGHJ4*02	FR3-IMGT	75	82	S	F	tcc	ttc	223	no
TGTGGTAGTATCAGTC-1_contig_2	VH	IGHV1-69*12	IGHD5-5*01	IGHJ4*02	FR3-IMGT	76	83	T	M	acg	atg	226	no
TGTGGTAGTATCAGTC-1_contig_2	VH	IGHV1-69*12	IGHD5-5*01	IGHJ4*02	FR3-IMGT	79	86	A	V	gcc	gtc	235	no
TGTGGTAGTATCAGTC-1_contig_2	VH	IGHV1-69*12	IGHD5-5*01	IGHJ4*02	FR3-IMGT	91	98	T	A	acg	gcg	271	no
TGTGGTAGTATCAGTC-1_contig_2	VH	IGHV1-69*12	IGHD5-5*01	IGHJ4*02	FR3-IMGT	93	100	V	M	gtg	atg	277	no
CAGTAACGTTAGATGA-1_contig_2	VH	IGHV1-69*12	IGHD5-24*01	IGHJ4*02	FR1-IMGT	8	8	G	A	ggg	gcg	22	no
CAGTAACGTTAGATGA-1_contig_2	VH	IGHV1-69*12	IGHD5-24*01	IGHJ4*02	FR1-IMGT	9	9	A	S	gct	tcg	25	no
CAGTAACGTTAGATGA-1_contig_2	VH	IGHV1-69*12	IGHD5-24*01	IGHJ4*02	FR1-IMGT	20	20	V	I	gtc	atc	58	no
CAGTAACGTTAGATGA-1_contig_2	VH	IGHV1-69*12	IGHD5-24*01	IGHJ4*02	FR1-IMGT	23	23	K	T	aag	acg	67	no
CAGTAACGTTAGATGA-1_contig_2	VH	IGHV1-69*12	IGHD5-24*01	IGHJ4*02	CDR1-IMGT	27	28	G	D	ggc	gac	79	no
CAGTAACGTTAGATGA-1_contig_2	VH	IGHV1-69*12	IGHD5-24*01	IGHJ4*02	CDR1-IMGT	30	31	S	R	agc	agg	88	no
CAGTAACGTTAGATGA-1_contig_2	VH	IGHV1-69*12	IGHD5-24*01	IGHJ4*02	CDR1-IMGT	31	32	S	T	agc	act	91	no
CAGTAACGTTAGATGA-1_contig_2	VH	IGHV1-69*12	IGHD5-24*01	IGHJ4*02	CDR1-IMGT	33	34	A	S	gct	agt	97	no
CAGTAACGTTAGATGA-1_contig_2	VH	IGHV1-69*12	IGHD5-24*01	IGHJ4*02	FR2-IMGT	35	40	S	N	agc	aac	103	no
CAGTAACGTTAGATGA-1_contig_2	VH	IGHV1-69*12	IGHD5-24*01	IGHJ4*02	FR2-IMGT	50	55	G	D	ggg	gat	148	no
CAGTAACGTTAGATGA-1_contig_2	VH	IGHV1-69*12	IGHD5-24*01	IGHJ4*02	CDR2-IMGT	52	57	I	V	atc	gtc	154	no
CAGTAACGTTAGATGA-1_contig_2	VH	IGHV1-69*12	IGHD5-24*01	IGHJ4*02	CDR2-IMGT	56	61	G	H	ggt	cat	166	no
CAGTAACGTTAGATGA-1_contig_2	VH	IGHV1-69*12	IGHD5-24*01	IGHJ4*02	CDR2-IMGT	57	62	T	I	aca	ata	169	no
CAGTAACGTTAGATGA-1_contig_2	VH	IGHV1-69*12	IGHD5-24*01	IGHJ4*02	FR3-IMGT	69	76	T	S	acg	tcg	205	no
CAGTAACGTTAGATGA-1_contig_2	VH	IGHV1-69*12	IGHD5-24*01	IGHJ4*02	FR3-IMGT	87	94	R	T	aga	aca	259	no
CAGTAACGTTAGATGA-1_contig_2	VH	IGHV1-69*12	IGHD5-24*01	IGHJ4*02	FR3-IMGT	95	102	Y	F	tac	ttc	283	no
CAGTAACGTTAGATGA-1_contig_2	VH	IGHV1-69*12	IGHD5-24*01	IGHJ4*02	FR4-IMGT	2	119	D	E	gac	gaa	322	no
TGTTCCGGTAAGAGAG-1_contig_2	VH	IGHV1-69*12	IGHD4/OR15-4a*01	IGHJ4*02	FR1-IMGT	11	11	V	A	gtg	gcg	31	no
TGTTCCGGTAAGAGAG-1_contig_2	VH	IGHV1-69*12	IGHD4/OR15-4a*01	IGHJ4*02	CDR1-IMGT	31	32	S	R	agc	aga	91	no
TGTTCCGGTAAGAGAG-1_contig_2	VH	IGHV1-69*12	IGHD4/OR15-4a*01	IGHJ4*02	CDR1-IMGT	33	34	A	G	gct	ggt	97	no
TGTTCCGGTAAGAGAG-1_contig_2	VH	IGHV1-69*12	IGHD4/OR15-4a*01	IGHJ4*02	FR2-IMGT	44	49	G	R	ggg	agg	130	no
TGTTCCGGTAAGAGAG-1_contig_2	VH	IGHV1-69*12	IGHD4/OR15-4a*01	IGHJ4*02	FR2-IMGT	50	55	G	A	ggg	gcg	148	no
TGTTCCGGTAAGAGAG-1_contig_2	VH	IGHV1-69*12	IGHD4/OR15-4a*01	IGHJ4*02	CDR2-IMGT	55	60	F	S	ttt	tct	163	no
TGTTCCGGTAAGAGAG-1_contig_2	VH	IGHV1-69*12	IGHD4/OR15-4a*01	IGHJ4*02	CDR2-IMGT	57	62	T	R	aca	aga	169	no
TGTTCCGGTAAGAGAG-1_contig_2	VH	IGHV1-69*12	IGHD4/OR15-4a*01	IGHJ4*02	FR3-IMGT	66	73	G	D	ggc	gac	196	no
